,loan_id,customer_id,StartDate_ID,EndDate_ID,InterestRate,LoanAmount
0,2,2,541,10966,2.12,32428.9
1,2,2,541,10966,2.12,32428.9
2,2,2,541,10966,2.12,32428.9
3,2,2,541,10966,2.12,32428.9
4,2,2,541,10966,2.12,32428.9
5,2,2,541,10966,2.12,32428.9
6,2,2,541,10966,2.12,32428.9
7,2,2,541,10966,2.12,32428.9
8,2,2,541,10966,2.12,32428.9
9,2,2,541,10966,2.12,32428.9
10,2,2,541,10966,2.12,32428.9
11,2,2,541,10966,2.12,32428.9
12,3,2,424,6860,4.63,31406.77
13,3,2,424,6860,4.63,31406.77
14,3,2,424,6860,4.63,31406.77
15,3,2,424,6860,4.63,31406.77
16,3,2,424,6860,4.63,31406.77
17,3,2,424,6860,4.63,31406.77
18,3,2,424,6860,4.63,31406.77
19,3,2,424,6860,4.63,31406.77
20,3,2,424,6860,4.63,31406.77
21,3,2,424,6860,4.63,31406.77
22,3,2,424,6860,4.63,31406.77
23,3,2,424,6860,4.63,31406.77
24,5,2,750,6364,7.03,27873.08
25,5,2,750,6364,7.03,27873.08
26,5,2,750,6364,7.03,27873.08
27,5,2,750,6364,7.03,27873.08
28,5,2,750,6364,7.03,27873.08
29,5,2,750,6364,7.03,27873.08
30,5,2,750,6364,7.03,27873.08
31,5,2,750,6364,7.03,27873.08
32,5,2,750,6364,7.03,27873.08
33,5,2,750,6364,7.03,27873.08
34,5,2,750,6364,7.03,27873.08
35,5,2,750,6364,7.03,27873.08
36,6,3,1225,7058,6.84,25666.75
37,6,3,1225,7058,6.84,25666.75
38,6,3,1225,7058,6.84,25666.75
39,6,3,1225,7058,6.84,25666.75
40,6,3,1225,7058,6.84,25666.75
41,6,3,1225,7058,6.84,25666.75
42,6,3,1225,7058,6.84,25666.75
43,6,3,1225,7058,6.84,25666.75
44,6,3,1225,7058,6.84,25666.75
45,6,3,1225,7058,6.84,25666.75
46,6,3,1225,7058,6.84,25666.75
47,6,3,1225,7058,6.84,25666.75
48,6,3,1225,7058,6.84,25666.75
49,6,3,1225,7058,6.84,25666.75
50,6,3,1225,7058,6.84,25666.75
51,6,3,1225,7058,6.84,25666.75
52,6,3,1225,7058,6.84,25666.75
53,6,3,1225,7058,6.84,25666.75
54,7,3,1491,6618,7.41,23853.85
55,7,3,1491,6618,7.41,23853.85
56,7,3,1491,6618,7.41,23853.85
57,7,3,1491,6618,7.41,23853.85
58,7,3,1491,6618,7.41,23853.85
59,7,3,1491,6618,7.41,23853.85
60,7,3,1491,6618,7.41,23853.85
61,7,3,1491,6618,7.41,23853.85
62,7,3,1491,6618,7.41,23853.85
63,7,3,1491,6618,7.41,23853.85
64,7,3,1491,6618,7.41,23853.85
65,7,3,1491,6618,7.41,23853.85
66,7,3,1491,6618,7.41,23853.85
67,7,3,1491,6618,7.41,23853.85
68,7,3,1491,6618,7.41,23853.85
69,7,3,1491,6618,7.41,23853.85
70,7,3,1491,6618,7.41,23853.85
71,7,3,1491,6618,7.41,23853.85
72,8,3,596,5943,2.85,8092.2
73,8,3,596,5943,2.85,8092.2
74,8,3,596,5943,2.85,8092.2
75,8,3,596,5943,2.85,8092.2
76,8,3,596,5943,2.85,8092.2
77,8,3,596,5943,2.85,8092.2
78,8,3,596,5943,2.85,8092.2
79,8,3,596,5943,2.85,8092.2
80,8,3,596,5943,2.85,8092.2
81,8,3,596,5943,2.85,8092.2
82,8,3,596,5943,2.85,8092.2
83,8,3,596,5943,2.85,8092.2
84,8,3,596,5943,2.85,8092.2
85,8,3,596,5943,2.85,8092.2
86,8,3,596,5943,2.85,8092.2
87,8,3,596,5943,2.85,8092.2
88,8,3,596,5943,2.85,8092.2
89,8,3,596,5943,2.85,8092.2
90,9,4,773,4510,5.36,11074.47
91,9,4,773,4510,5.36,11074.47
92,9,4,773,4510,5.36,11074.47
93,9,4,773,4510,5.36,11074.47
94,9,4,773,4510,5.36,11074.47
95,9,4,773,4510,5.36,11074.47
96,9,4,773,4510,5.36,11074.47
97,9,4,773,4510,5.36,11074.47
98,10,4,561,8316,2.28,38903.23
99,10,4,561,8316,2.28,38903.23
100,10,4,561,8316,2.28,38903.23
101,10,4,561,8316,2.28,38903.23
102,10,4,561,8316,2.28,38903.23
103,10,4,561,8316,2.28,38903.23
104,10,4,561,8316,2.28,38903.23
105,10,4,561,8316,2.28,38903.23
106,11,5,1409,3235,2.12,18162.6
107,11,5,1409,3235,2.12,18162.6
108,11,5,1409,3235,2.12,18162.6
109,11,5,1409,3235,2.12,18162.6
110,11,5,1409,3235,2.12,18162.6
111,11,5,1409,3235,2.12,18162.6
112,11,5,1409,3235,2.12,18162.6
113,11,5,1409,3235,2.12,18162.6
114,11,5,1409,3235,2.12,18162.6
115,11,5,1409,3235,2.12,18162.6
116,11,5,1409,3235,2.12,18162.6
117,11,5,1409,3235,2.12,18162.6
118,11,5,1409,3235,2.12,18162.6
119,11,5,1409,3235,2.12,18162.6
120,11,5,1409,3235,2.12,18162.6
121,11,5,1409,3235,2.12,18162.6
122,11,5,1409,3235,2.12,18162.6
123,12,6,929,4745,7.43,12965.19
124,12,6,929,4745,7.43,12965.19
125,12,6,929,4745,7.43,12965.19
126,12,6,929,4745,7.43,12965.19
127,12,6,929,4745,7.43,12965.19
128,12,6,929,4745,7.43,12965.19
129,12,6,929,4745,7.43,12965.19
130,12,6,929,4745,7.43,12965.19
131,12,6,929,4745,7.43,12965.19
132,12,6,929,4745,7.43,12965.19
133,12,6,929,4745,7.43,12965.19
134,12,6,929,4745,7.43,12965.19
135,12,6,929,4745,7.43,12965.19
136,12,6,929,4745,7.43,12965.19
137,12,6,929,4745,7.43,12965.19
138,12,6,929,4745,7.43,12965.19
139,12,6,929,4745,7.43,12965.19
140,12,6,929,4745,7.43,12965.19
141,12,6,929,4745,7.43,12965.19
142,12,6,929,4745,7.43,12965.19
143,12,6,929,4745,7.43,12965.19
144,12,6,929,4745,7.43,12965.19
145,12,6,929,4745,7.43,12965.19
146,12,6,929,4745,7.43,12965.19
147,12,6,929,4745,7.43,12965.19
148,12,6,929,4745,7.43,12965.19
149,12,6,929,4745,7.43,12965.19
150,12,6,929,4745,7.43,12965.19
151,13,7,1086,4775,4.45,37664.6
152,13,7,1086,4775,4.45,37664.6
153,13,7,1086,4775,4.45,37664.6
154,13,7,1086,4775,4.45,37664.6
155,13,7,1086,4775,4.45,37664.6
156,13,7,1086,4775,4.45,37664.6
157,13,7,1086,4775,4.45,37664.6
158,13,7,1086,4775,4.45,37664.6
159,13,7,1086,4775,4.45,37664.6
160,13,7,1086,4775,4.45,37664.6
161,13,7,1086,4775,4.45,37664.6
162,13,7,1086,4775,4.45,37664.6
163,13,7,1086,4775,4.45,37664.6
164,13,7,1086,4775,4.45,37664.6
165,13,7,1086,4775,4.45,37664.6
166,13,7,1086,4775,4.45,37664.6
167,14,11,1084,6094,5.2,33958.37
168,14,11,1084,6094,5.2,33958.37
169,14,11,1084,6094,5.2,33958.37
170,14,11,1084,6094,5.2,33958.37
171,14,11,1084,6094,5.2,33958.37
172,14,11,1084,6094,5.2,33958.37
173,14,11,1084,6094,5.2,33958.37
174,14,11,1084,6094,5.2,33958.37
175,14,11,1084,6094,5.2,33958.37
176,14,11,1084,6094,5.2,33958.37
177,16,11,1386,2149,1.79,24333.16
178,16,11,1386,2149,1.79,24333.16
179,16,11,1386,2149,1.79,24333.16
180,16,11,1386,2149,1.79,24333.16
181,16,11,1386,2149,1.79,24333.16
182,16,11,1386,2149,1.79,24333.16
183,16,11,1386,2149,1.79,24333.16
184,16,11,1386,2149,1.79,24333.16
185,16,11,1386,2149,1.79,24333.16
186,16,11,1386,2149,1.79,24333.16
187,17,12,239,2332,2.89,26360.24
188,17,12,239,2332,2.89,26360.24
189,17,12,239,2332,2.89,26360.24
190,17,12,239,2332,2.89,26360.24
191,17,12,239,2332,2.89,26360.24
192,17,12,239,2332,2.89,26360.24
193,17,12,239,2332,2.89,26360.24
194,17,12,239,2332,2.89,26360.24
195,17,12,239,2332,2.89,26360.24
196,17,12,239,2332,2.89,26360.24
197,17,12,239,2332,2.89,26360.24
198,17,12,239,2332,2.89,26360.24
199,17,12,239,2332,2.89,26360.24
200,17,12,239,2332,2.89,26360.24
201,17,12,239,2332,2.89,26360.24
202,17,12,239,2332,2.89,26360.24
203,17,12,239,2332,2.89,26360.24
204,17,12,239,2332,2.89,26360.24
205,17,12,239,2332,2.89,26360.24
206,17,12,239,2332,2.89,26360.24
207,17,12,239,2332,2.89,26360.24
208,17,12,239,2332,2.89,26360.24
209,17,12,239,2332,2.89,26360.24
210,17,12,239,2332,2.89,26360.24
211,17,12,239,2332,2.89,26360.24
212,17,12,239,2332,2.89,26360.24
213,17,12,239,2332,2.89,26360.24
214,17,12,239,2332,2.89,26360.24
215,17,12,239,2332,2.89,26360.24
216,17,12,239,2332,2.89,26360.24
217,17,12,239,2332,2.89,26360.24
218,17,12,239,2332,2.89,26360.24
219,19,13,1063,11263,3.28,19565.92
220,19,13,1063,11263,3.28,19565.92
221,19,13,1063,11263,3.28,19565.92
222,21,15,1476,10273,1.96,42684.76
223,21,15,1476,10273,1.96,42684.76
224,21,15,1476,10273,1.96,42684.76
225,21,15,1476,10273,1.96,42684.76
226,21,15,1476,10273,1.96,42684.76
227,21,15,1476,10273,1.96,42684.76
228,21,15,1476,10273,1.96,42684.76
229,21,15,1476,10273,1.96,42684.76
230,21,15,1476,10273,1.96,42684.76
231,21,15,1476,10273,1.96,42684.76
232,21,15,1476,10273,1.96,42684.76
233,21,15,1476,10273,1.96,42684.76
234,21,15,1476,10273,1.96,42684.76
235,21,15,1476,10273,1.96,42684.76
236,21,15,1476,10273,1.96,42684.76
237,22,16,938,4036,4.02,34427.31
238,22,16,938,4036,4.02,34427.31
239,22,16,938,4036,4.02,34427.31
240,22,16,938,4036,4.02,34427.31
241,22,16,938,4036,4.02,34427.31
242,22,16,938,4036,4.02,34427.31
243,22,16,938,4036,4.02,34427.31
244,22,16,938,4036,4.02,34427.31
245,22,16,938,4036,4.02,34427.31
246,22,16,938,4036,4.02,34427.31
247,22,16,938,4036,4.02,34427.31
248,22,16,938,4036,4.02,34427.31
249,22,16,938,4036,4.02,34427.31
250,22,16,938,4036,4.02,34427.31
251,23,16,1385,9470,2.8,17430.29
252,23,16,1385,9470,2.8,17430.29
253,23,16,1385,9470,2.8,17430.29
254,23,16,1385,9470,2.8,17430.29
255,23,16,1385,9470,2.8,17430.29
256,23,16,1385,9470,2.8,17430.29
257,23,16,1385,9470,2.8,17430.29
258,23,16,1385,9470,2.8,17430.29
259,23,16,1385,9470,2.8,17430.29
260,23,16,1385,9470,2.8,17430.29
261,23,16,1385,9470,2.8,17430.29
262,23,16,1385,9470,2.8,17430.29
263,23,16,1385,9470,2.8,17430.29
264,23,16,1385,9470,2.8,17430.29
265,24,16,357,8328,5.33,14964.93
266,24,16,357,8328,5.33,14964.93
267,24,16,357,8328,5.33,14964.93
268,24,16,357,8328,5.33,14964.93
269,24,16,357,8328,5.33,14964.93
270,24,16,357,8328,5.33,14964.93
271,24,16,357,8328,5.33,14964.93
272,24,16,357,8328,5.33,14964.93
273,24,16,357,8328,5.33,14964.93
274,24,16,357,8328,5.33,14964.93
275,24,16,357,8328,5.33,14964.93
276,24,16,357,8328,5.33,14964.93
277,24,16,357,8328,5.33,14964.93
278,24,16,357,8328,5.33,14964.93
279,25,17,1342,10359,3.52,35994.71
280,25,17,1342,10359,3.52,35994.71
281,25,17,1342,10359,3.52,35994.71
282,25,17,1342,10359,3.52,35994.71
283,25,17,1342,10359,3.52,35994.71
284,25,17,1342,10359,3.52,35994.71
285,25,17,1342,10359,3.52,35994.71
286,25,17,1342,10359,3.52,35994.71
287,25,17,1342,10359,3.52,35994.71
288,25,17,1342,10359,3.52,35994.71
289,25,17,1342,10359,3.52,35994.71
290,25,17,1342,10359,3.52,35994.71
291,25,17,1342,10359,3.52,35994.71
292,25,17,1342,10359,3.52,35994.71
293,25,17,1342,10359,3.52,35994.71
294,25,17,1342,10359,3.52,35994.71
295,25,17,1342,10359,3.52,35994.71
296,25,17,1342,10359,3.52,35994.71
297,25,17,1342,10359,3.52,35994.71
298,25,17,1342,10359,3.52,35994.71
299,25,17,1342,10359,3.52,35994.71
300,25,17,1342,10359,3.52,35994.71
301,25,17,1342,10359,3.52,35994.71
302,25,17,1342,10359,3.52,35994.71
303,25,17,1342,10359,3.52,35994.71
304,28,20,1142,9184,4.0,35911.84
305,28,20,1142,9184,4.0,35911.84
306,28,20,1142,9184,4.0,35911.84
307,28,20,1142,9184,4.0,35911.84
308,28,20,1142,9184,4.0,35911.84
309,28,20,1142,9184,4.0,35911.84
310,30,20,11,10731,6.82,26011.89
311,30,20,11,10731,6.82,26011.89
312,30,20,11,10731,6.82,26011.89
313,30,20,11,10731,6.82,26011.89
314,30,20,11,10731,6.82,26011.89
315,30,20,11,10731,6.82,26011.89
316,31,21,9,10903,3.51,26282.21
317,31,21,9,10903,3.51,26282.21
318,31,21,9,10903,3.51,26282.21
319,31,21,9,10903,3.51,26282.21
320,31,21,9,10903,3.51,26282.21
321,31,21,9,10903,3.51,26282.21
322,32,21,1387,11702,4.29,40432.8
323,32,21,1387,11702,4.29,40432.8
324,32,21,1387,11702,4.29,40432.8
325,32,21,1387,11702,4.29,40432.8
326,32,21,1387,11702,4.29,40432.8
327,32,21,1387,11702,4.29,40432.8
328,33,21,1040,4206,5.58,49124.49
329,33,21,1040,4206,5.58,49124.49
330,33,21,1040,4206,5.58,49124.49
331,33,21,1040,4206,5.58,49124.49
332,33,21,1040,4206,5.58,49124.49
333,33,21,1040,4206,5.58,49124.49
334,34,22,1433,10312,4.7,48233.91
335,34,22,1433,10312,4.7,48233.91
336,34,22,1433,10312,4.7,48233.91
337,34,22,1433,10312,4.7,48233.91
338,34,22,1433,10312,4.7,48233.91
339,34,22,1433,10312,4.7,48233.91
340,34,22,1433,10312,4.7,48233.91
341,34,22,1433,10312,4.7,48233.91
342,34,22,1433,10312,4.7,48233.91
343,34,22,1433,10312,4.7,48233.91
344,34,22,1433,10312,4.7,48233.91
345,34,22,1433,10312,4.7,48233.91
346,35,22,1428,9932,5.45,5710.02
347,35,22,1428,9932,5.45,5710.02
348,35,22,1428,9932,5.45,5710.02
349,35,22,1428,9932,5.45,5710.02
350,35,22,1428,9932,5.45,5710.02
351,35,22,1428,9932,5.45,5710.02
352,35,22,1428,9932,5.45,5710.02
353,35,22,1428,9932,5.45,5710.02
354,35,22,1428,9932,5.45,5710.02
355,35,22,1428,9932,5.45,5710.02
356,35,22,1428,9932,5.45,5710.02
357,35,22,1428,9932,5.45,5710.02
358,37,26,383,3539,1.85,35193.83
359,37,26,383,3539,1.85,35193.83
360,37,26,383,3539,1.85,35193.83
361,37,26,383,3539,1.85,35193.83
362,37,26,383,3539,1.85,35193.83
363,37,26,383,3539,1.85,35193.83
364,37,26,383,3539,1.85,35193.83
365,37,26,383,3539,1.85,35193.83
366,37,26,383,3539,1.85,35193.83
367,37,26,383,3539,1.85,35193.83
368,37,26,383,3539,1.85,35193.83
369,38,27,1197,11773,5.8,38009.14
370,38,27,1197,11773,5.8,38009.14
371,38,27,1197,11773,5.8,38009.14
372,38,27,1197,11773,5.8,38009.14
373,38,27,1197,11773,5.8,38009.14
374,38,27,1197,11773,5.8,38009.14
375,38,27,1197,11773,5.8,38009.14
376,38,27,1197,11773,5.8,38009.14
377,38,27,1197,11773,5.8,38009.14
378,38,27,1197,11773,5.8,38009.14
379,38,27,1197,11773,5.8,38009.14
380,38,27,1197,11773,5.8,38009.14
381,38,27,1197,11773,5.8,38009.14
382,38,27,1197,11773,5.8,38009.14
383,38,27,1197,11773,5.8,38009.14
384,38,27,1197,11773,5.8,38009.14
385,38,27,1197,11773,5.8,38009.14
386,38,27,1197,11773,5.8,38009.14
387,38,27,1197,11773,5.8,38009.14
388,41,28,694,3918,2.81,32850.56
389,41,28,694,3918,2.81,32850.56
390,41,28,694,3918,2.81,32850.56
391,41,28,694,3918,2.81,32850.56
392,41,28,694,3918,2.81,32850.56
393,41,28,694,3918,2.81,32850.56
394,41,28,694,3918,2.81,32850.56
395,41,28,694,3918,2.81,32850.56
396,41,28,694,3918,2.81,32850.56
397,41,28,694,3918,2.81,32850.56
398,41,28,694,3918,2.81,32850.56
399,41,28,694,3918,2.81,32850.56
400,41,28,694,3918,2.81,32850.56
401,41,28,694,3918,2.81,32850.56
402,41,28,694,3918,2.81,32850.56
403,41,28,694,3918,2.81,32850.56
404,41,28,694,3918,2.81,32850.56
405,41,28,694,3918,2.81,32850.56
406,41,28,694,3918,2.81,32850.56
407,41,28,694,3918,2.81,32850.56
408,41,28,694,3918,2.81,32850.56
409,41,28,694,3918,2.81,32850.56
410,41,28,694,3918,2.81,32850.56
411,41,28,694,3918,2.81,32850.56
412,41,28,694,3918,2.81,32850.56
413,42,29,396,6127,3.35,13931.18
414,42,29,396,6127,3.35,13931.18
415,42,29,396,6127,3.35,13931.18
416,42,29,396,6127,3.35,13931.18
417,43,30,219,6150,4.43,48933.91
418,43,30,219,6150,4.43,48933.91
419,43,30,219,6150,4.43,48933.91
420,43,30,219,6150,4.43,48933.91
421,43,30,219,6150,4.43,48933.91
422,43,30,219,6150,4.43,48933.91
423,43,30,219,6150,4.43,48933.91
424,43,30,219,6150,4.43,48933.91
425,45,32,1296,4876,2.93,19607.01
426,45,32,1296,4876,2.93,19607.01
427,45,32,1296,4876,2.93,19607.01
428,45,32,1296,4876,2.93,19607.01
429,45,32,1296,4876,2.93,19607.01
430,45,32,1296,4876,2.93,19607.01
431,46,32,40,3683,4.95,39348.0
432,46,32,40,3683,4.95,39348.0
433,46,32,40,3683,4.95,39348.0
434,46,32,40,3683,4.95,39348.0
435,46,32,40,3683,4.95,39348.0
436,46,32,40,3683,4.95,39348.0
437,47,33,713,6067,3.89,49675.33
438,47,33,713,6067,3.89,49675.33
439,47,33,713,6067,3.89,49675.33
440,47,33,713,6067,3.89,49675.33
441,47,33,713,6067,3.89,49675.33
442,47,33,713,6067,3.89,49675.33
443,47,33,713,6067,3.89,49675.33
444,47,33,713,6067,3.89,49675.33
445,47,33,713,6067,3.89,49675.33
446,47,33,713,6067,3.89,49675.33
447,47,33,713,6067,3.89,49675.33
448,47,33,713,6067,3.89,49675.33
449,47,33,713,6067,3.89,49675.33
450,47,33,713,6067,3.89,49675.33
451,47,33,713,6067,3.89,49675.33
452,47,33,713,6067,3.89,49675.33
453,48,33,1411,11419,5.66,31033.48
454,48,33,1411,11419,5.66,31033.48
455,48,33,1411,11419,5.66,31033.48
456,48,33,1411,11419,5.66,31033.48
457,48,33,1411,11419,5.66,31033.48
458,48,33,1411,11419,5.66,31033.48
459,48,33,1411,11419,5.66,31033.48
460,48,33,1411,11419,5.66,31033.48
461,48,33,1411,11419,5.66,31033.48
462,48,33,1411,11419,5.66,31033.48
463,48,33,1411,11419,5.66,31033.48
464,48,33,1411,11419,5.66,31033.48
465,48,33,1411,11419,5.66,31033.48
466,48,33,1411,11419,5.66,31033.48
467,48,33,1411,11419,5.66,31033.48
468,48,33,1411,11419,5.66,31033.48
469,50,34,668,6659,4.1,8419.93
470,50,34,668,6659,4.1,8419.93
471,50,34,668,6659,4.1,8419.93
472,50,34,668,6659,4.1,8419.93
473,50,34,668,6659,4.1,8419.93
474,50,34,668,6659,4.1,8419.93
475,50,34,668,6659,4.1,8419.93
476,50,34,668,6659,4.1,8419.93
477,50,34,668,6659,4.1,8419.93
478,50,34,668,6659,4.1,8419.93
479,50,34,668,6659,4.1,8419.93
480,50,34,668,6659,4.1,8419.93
481,50,34,668,6659,4.1,8419.93
482,50,34,668,6659,4.1,8419.93
483,50,34,668,6659,4.1,8419.93
484,50,34,668,6659,4.1,8419.93
485,50,34,668,6659,4.1,8419.93
486,51,35,547,12259,4.66,20109.87
487,51,35,547,12259,4.66,20109.87
488,51,35,547,12259,4.66,20109.87
489,51,35,547,12259,4.66,20109.87
490,51,35,547,12259,4.66,20109.87
491,51,35,547,12259,4.66,20109.87
492,51,35,547,12259,4.66,20109.87
493,51,35,547,12259,4.66,20109.87
494,51,35,547,12259,4.66,20109.87
495,51,35,547,12259,4.66,20109.87
496,51,35,547,12259,4.66,20109.87
497,51,35,547,12259,4.66,20109.87
498,52,38,532,9086,5.28,47203.82
499,52,38,532,9086,5.28,47203.82
500,52,38,532,9086,5.28,47203.82
501,52,38,532,9086,5.28,47203.82
502,52,38,532,9086,5.28,47203.82
503,52,38,532,9086,5.28,47203.82
504,52,38,532,9086,5.28,47203.82
505,52,38,532,9086,5.28,47203.82
506,52,38,532,9086,5.28,47203.82
507,52,38,532,9086,5.28,47203.82
508,52,38,532,9086,5.28,47203.82
509,52,38,532,9086,5.28,47203.82
510,52,38,532,9086,5.28,47203.82
511,52,38,532,9086,5.28,47203.82
512,52,38,532,9086,5.28,47203.82
513,52,38,532,9086,5.28,47203.82
514,52,38,532,9086,5.28,47203.82
515,53,39,774,12262,1.54,27719.17
516,53,39,774,12262,1.54,27719.17
517,53,39,774,12262,1.54,27719.17
518,53,39,774,12262,1.54,27719.17
519,53,39,774,12262,1.54,27719.17
520,53,39,774,12262,1.54,27719.17
521,53,39,774,12262,1.54,27719.17
522,53,39,774,12262,1.54,27719.17
523,53,39,774,12262,1.54,27719.17
524,53,39,774,12262,1.54,27719.17
525,53,39,774,12262,1.54,27719.17
526,53,39,774,12262,1.54,27719.17
527,53,39,774,12262,1.54,27719.17
528,53,39,774,12262,1.54,27719.17
529,53,39,774,12262,1.54,27719.17
530,53,39,774,12262,1.54,27719.17
531,53,39,774,12262,1.54,27719.17
532,53,39,774,12262,1.54,27719.17
533,53,39,774,12262,1.54,27719.17
534,53,39,774,12262,1.54,27719.17
535,53,39,774,12262,1.54,27719.17
536,53,39,774,12262,1.54,27719.17
537,53,39,774,12262,1.54,27719.17
538,53,39,774,12262,1.54,27719.17
539,53,39,774,12262,1.54,27719.17
540,53,39,774,12262,1.54,27719.17
541,53,39,774,12262,1.54,27719.17
542,53,39,774,12262,1.54,27719.17
543,53,39,774,12262,1.54,27719.17
544,54,40,359,2435,5.55,38994.49
545,54,40,359,2435,5.55,38994.49
546,54,40,359,2435,5.55,38994.49
547,54,40,359,2435,5.55,38994.49
548,54,40,359,2435,5.55,38994.49
549,54,40,359,2435,5.55,38994.49
550,54,40,359,2435,5.55,38994.49
551,54,40,359,2435,5.55,38994.49
552,54,40,359,2435,5.55,38994.49
553,54,40,359,2435,5.55,38994.49
554,54,40,359,2435,5.55,38994.49
555,54,40,359,2435,5.55,38994.49
556,54,40,359,2435,5.55,38994.49
557,54,40,359,2435,5.55,38994.49
558,54,40,359,2435,5.55,38994.49
559,54,40,359,2435,5.55,38994.49
560,54,40,359,2435,5.55,38994.49
561,54,40,359,2435,5.55,38994.49
562,54,40,359,2435,5.55,38994.49
563,55,41,83,3071,3.06,28988.77
564,55,41,83,3071,3.06,28988.77
565,55,41,83,3071,3.06,28988.77
566,55,41,83,3071,3.06,28988.77
567,55,41,83,3071,3.06,28988.77
568,56,43,1307,2622,6.36,39189.96
569,56,43,1307,2622,6.36,39189.96
570,56,43,1307,2622,6.36,39189.96
571,56,43,1307,2622,6.36,39189.96
572,56,43,1307,2622,6.36,39189.96
573,56,43,1307,2622,6.36,39189.96
574,57,45,580,2203,4.89,19635.04
575,57,45,580,2203,4.89,19635.04
576,57,45,580,2203,4.89,19635.04
577,57,45,580,2203,4.89,19635.04
578,57,45,580,2203,4.89,19635.04
579,58,45,1190,8118,5.25,42324.23
580,58,45,1190,8118,5.25,42324.23
581,58,45,1190,8118,5.25,42324.23
582,58,45,1190,8118,5.25,42324.23
583,58,45,1190,8118,5.25,42324.23
584,59,46,535,2817,7.29,19426.95
585,59,46,535,2817,7.29,19426.95
586,59,46,535,2817,7.29,19426.95
587,59,46,535,2817,7.29,19426.95
588,59,46,535,2817,7.29,19426.95
589,59,46,535,2817,7.29,19426.95
590,59,46,535,2817,7.29,19426.95
591,59,46,535,2817,7.29,19426.95
592,59,46,535,2817,7.29,19426.95
593,59,46,535,2817,7.29,19426.95
594,59,46,535,2817,7.29,19426.95
595,59,46,535,2817,7.29,19426.95
596,59,46,535,2817,7.29,19426.95
597,59,46,535,2817,7.29,19426.95
598,59,46,535,2817,7.29,19426.95
599,59,46,535,2817,7.29,19426.95
600,59,46,535,2817,7.29,19426.95
601,59,46,535,2817,7.29,19426.95
602,59,46,535,2817,7.29,19426.95
603,60,46,1215,3281,6.27,13967.51
604,60,46,1215,3281,6.27,13967.51
605,60,46,1215,3281,6.27,13967.51
606,60,46,1215,3281,6.27,13967.51
607,60,46,1215,3281,6.27,13967.51
608,60,46,1215,3281,6.27,13967.51
609,60,46,1215,3281,6.27,13967.51
610,60,46,1215,3281,6.27,13967.51
611,60,46,1215,3281,6.27,13967.51
612,60,46,1215,3281,6.27,13967.51
613,60,46,1215,3281,6.27,13967.51
614,60,46,1215,3281,6.27,13967.51
615,60,46,1215,3281,6.27,13967.51
616,60,46,1215,3281,6.27,13967.51
617,60,46,1215,3281,6.27,13967.51
618,60,46,1215,3281,6.27,13967.51
619,60,46,1215,3281,6.27,13967.51
620,60,46,1215,3281,6.27,13967.51
621,60,46,1215,3281,6.27,13967.51
622,61,47,1340,2705,5.87,35115.06
623,61,47,1340,2705,5.87,35115.06
624,61,47,1340,2705,5.87,35115.06
625,61,47,1340,2705,5.87,35115.06
626,61,47,1340,2705,5.87,35115.06
627,61,47,1340,2705,5.87,35115.06
628,61,47,1340,2705,5.87,35115.06
629,61,47,1340,2705,5.87,35115.06
630,61,47,1340,2705,5.87,35115.06
631,61,47,1340,2705,5.87,35115.06
632,62,48,243,8194,3.97,32793.41
633,62,48,243,8194,3.97,32793.41
634,62,48,243,8194,3.97,32793.41
635,62,48,243,8194,3.97,32793.41
636,62,48,243,8194,3.97,32793.41
637,62,48,243,8194,3.97,32793.41
638,63,48,515,9235,4.43,36341.34
639,63,48,515,9235,4.43,36341.34
640,63,48,515,9235,4.43,36341.34
641,63,48,515,9235,4.43,36341.34
642,63,48,515,9235,4.43,36341.34
643,63,48,515,9235,4.43,36341.34
644,64,48,233,8918,3.12,49303.25
645,64,48,233,8918,3.12,49303.25
646,64,48,233,8918,3.12,49303.25
647,64,48,233,8918,3.12,49303.25
648,64,48,233,8918,3.12,49303.25
649,64,48,233,8918,3.12,49303.25
650,65,50,845,11200,2.48,15237.0
651,65,50,845,11200,2.48,15237.0
652,65,50,845,11200,2.48,15237.0
653,65,50,845,11200,2.48,15237.0
654,65,50,845,11200,2.48,15237.0
655,65,50,845,11200,2.48,15237.0
656,65,50,845,11200,2.48,15237.0
657,65,50,845,11200,2.48,15237.0
658,65,50,845,11200,2.48,15237.0
659,65,50,845,11200,2.48,15237.0
660,65,50,845,11200,2.48,15237.0
661,65,50,845,11200,2.48,15237.0
662,65,50,845,11200,2.48,15237.0
663,65,50,845,11200,2.48,15237.0
664,65,50,845,11200,2.48,15237.0
665,65,50,845,11200,2.48,15237.0
666,65,50,845,11200,2.48,15237.0
667,65,50,845,11200,2.48,15237.0
668,65,50,845,11200,2.48,15237.0
669,65,50,845,11200,2.48,15237.0
670,65,50,845,11200,2.48,15237.0
671,65,50,845,11200,2.48,15237.0
672,65,50,845,11200,2.48,15237.0
673,65,50,845,11200,2.48,15237.0
674,65,50,845,11200,2.48,15237.0
675,65,50,845,11200,2.48,15237.0
676,65,50,845,11200,2.48,15237.0
677,65,50,845,11200,2.48,15237.0
678,65,50,845,11200,2.48,15237.0
679,65,50,845,11200,2.48,15237.0
680,65,50,845,11200,2.48,15237.0
681,65,50,845,11200,2.48,15237.0
682,65,50,845,11200,2.48,15237.0
683,65,50,845,11200,2.48,15237.0
684,65,50,845,11200,2.48,15237.0
685,65,50,845,11200,2.48,15237.0
686,65,50,845,11200,2.48,15237.0
687,66,50,459,3562,2.95,29065.5
688,66,50,459,3562,2.95,29065.5
689,66,50,459,3562,2.95,29065.5
690,66,50,459,3562,2.95,29065.5
691,66,50,459,3562,2.95,29065.5
692,66,50,459,3562,2.95,29065.5
693,66,50,459,3562,2.95,29065.5
694,66,50,459,3562,2.95,29065.5
695,66,50,459,3562,2.95,29065.5
696,66,50,459,3562,2.95,29065.5
697,66,50,459,3562,2.95,29065.5
698,66,50,459,3562,2.95,29065.5
699,66,50,459,3562,2.95,29065.5
700,66,50,459,3562,2.95,29065.5
701,66,50,459,3562,2.95,29065.5
702,66,50,459,3562,2.95,29065.5
703,66,50,459,3562,2.95,29065.5
704,66,50,459,3562,2.95,29065.5
705,66,50,459,3562,2.95,29065.5
706,66,50,459,3562,2.95,29065.5
707,66,50,459,3562,2.95,29065.5
708,66,50,459,3562,2.95,29065.5
709,66,50,459,3562,2.95,29065.5
710,66,50,459,3562,2.95,29065.5
711,66,50,459,3562,2.95,29065.5
712,66,50,459,3562,2.95,29065.5
713,66,50,459,3562,2.95,29065.5
714,66,50,459,3562,2.95,29065.5
715,66,50,459,3562,2.95,29065.5
716,66,50,459,3562,2.95,29065.5
717,66,50,459,3562,2.95,29065.5
718,66,50,459,3562,2.95,29065.5
719,66,50,459,3562,2.95,29065.5
720,66,50,459,3562,2.95,29065.5
721,66,50,459,3562,2.95,29065.5
722,66,50,459,3562,2.95,29065.5
723,66,50,459,3562,2.95,29065.5
724,67,51,642,9501,6.1,44125.94
725,67,51,642,9501,6.1,44125.94
726,67,51,642,9501,6.1,44125.94
727,67,51,642,9501,6.1,44125.94
728,69,51,877,10032,7.25,30019.7
729,69,51,877,10032,7.25,30019.7
730,69,51,877,10032,7.25,30019.7
731,69,51,877,10032,7.25,30019.7
732,70,51,25,4985,2.13,46713.9
733,70,51,25,4985,2.13,46713.9
734,70,51,25,4985,2.13,46713.9
735,70,51,25,4985,2.13,46713.9
736,71,51,992,8711,7.22,45761.17
737,71,51,992,8711,7.22,45761.17
738,71,51,992,8711,7.22,45761.17
739,71,51,992,8711,7.22,45761.17
740,72,53,146,10258,4.64,38402.89
741,72,53,146,10258,4.64,38402.89
742,72,53,146,10258,4.64,38402.89
743,72,53,146,10258,4.64,38402.89
744,74,53,360,1907,6.22,32936.11
745,74,53,360,1907,6.22,32936.11
746,74,53,360,1907,6.22,32936.11
747,74,53,360,1907,6.22,32936.11
748,75,55,153,8247,5.99,30356.38
749,75,55,153,8247,5.99,30356.38
750,75,55,153,8247,5.99,30356.38
751,75,55,153,8247,5.99,30356.38
752,75,55,153,8247,5.99,30356.38
753,75,55,153,8247,5.99,30356.38
754,75,55,153,8247,5.99,30356.38
755,77,57,107,5725,3.05,11928.9
756,77,57,107,5725,3.05,11928.9
757,77,57,107,5725,3.05,11928.9
758,77,57,107,5725,3.05,11928.9
759,77,57,107,5725,3.05,11928.9
760,77,57,107,5725,3.05,11928.9
761,77,57,107,5725,3.05,11928.9
762,77,57,107,5725,3.05,11928.9
763,77,57,107,5725,3.05,11928.9
764,77,57,107,5725,3.05,11928.9
765,77,57,107,5725,3.05,11928.9
766,78,57,1023,2431,6.6,22108.89
767,78,57,1023,2431,6.6,22108.89
768,78,57,1023,2431,6.6,22108.89
769,78,57,1023,2431,6.6,22108.89
770,78,57,1023,2431,6.6,22108.89
771,78,57,1023,2431,6.6,22108.89
772,78,57,1023,2431,6.6,22108.89
773,78,57,1023,2431,6.6,22108.89
774,78,57,1023,2431,6.6,22108.89
775,78,57,1023,2431,6.6,22108.89
776,78,57,1023,2431,6.6,22108.89
777,79,58,696,5250,2.42,48863.64
778,79,58,696,5250,2.42,48863.64
779,79,58,696,5250,2.42,48863.64
780,79,58,696,5250,2.42,48863.64
781,79,58,696,5250,2.42,48863.64
782,79,58,696,5250,2.42,48863.64
783,79,58,696,5250,2.42,48863.64
784,79,58,696,5250,2.42,48863.64
785,81,59,277,7152,1.81,42415.32
786,81,59,277,7152,1.81,42415.32
787,81,59,277,7152,1.81,42415.32
788,81,59,277,7152,1.81,42415.32
789,81,59,277,7152,1.81,42415.32
790,81,59,277,7152,1.81,42415.32
791,81,59,277,7152,1.81,42415.32
792,81,59,277,7152,1.81,42415.32
793,82,60,922,3540,4.84,33579.17
794,82,60,922,3540,4.84,33579.17
795,82,60,922,3540,4.84,33579.17
796,82,60,922,3540,4.84,33579.17
797,82,60,922,3540,4.84,33579.17
798,82,60,922,3540,4.84,33579.17
799,82,60,922,3540,4.84,33579.17
800,82,60,922,3540,4.84,33579.17
801,82,60,922,3540,4.84,33579.17
802,82,60,922,3540,4.84,33579.17
803,82,60,922,3540,4.84,33579.17
804,82,60,922,3540,4.84,33579.17
805,82,60,922,3540,4.84,33579.17
806,82,60,922,3540,4.84,33579.17
807,82,60,922,3540,4.84,33579.17
808,82,60,922,3540,4.84,33579.17
809,82,60,922,3540,4.84,33579.17
810,82,60,922,3540,4.84,33579.17
811,82,60,922,3540,4.84,33579.17
812,82,60,922,3540,4.84,33579.17
813,82,60,922,3540,4.84,33579.17
814,83,60,420,9972,5.64,20706.59
815,83,60,420,9972,5.64,20706.59
816,83,60,420,9972,5.64,20706.59
817,83,60,420,9972,5.64,20706.59
818,83,60,420,9972,5.64,20706.59
819,83,60,420,9972,5.64,20706.59
820,83,60,420,9972,5.64,20706.59
821,83,60,420,9972,5.64,20706.59
822,83,60,420,9972,5.64,20706.59
823,83,60,420,9972,5.64,20706.59
824,83,60,420,9972,5.64,20706.59
825,83,60,420,9972,5.64,20706.59
826,83,60,420,9972,5.64,20706.59
827,83,60,420,9972,5.64,20706.59
828,83,60,420,9972,5.64,20706.59
829,83,60,420,9972,5.64,20706.59
830,83,60,420,9972,5.64,20706.59
831,83,60,420,9972,5.64,20706.59
832,83,60,420,9972,5.64,20706.59
833,83,60,420,9972,5.64,20706.59
834,83,60,420,9972,5.64,20706.59
835,84,61,496,9803,7.29,25100.13
836,84,61,496,9803,7.29,25100.13
837,84,61,496,9803,7.29,25100.13
838,84,61,496,9803,7.29,25100.13
839,84,61,496,9803,7.29,25100.13
840,84,61,496,9803,7.29,25100.13
841,84,61,496,9803,7.29,25100.13
842,84,61,496,9803,7.29,25100.13
843,86,62,248,4382,5.85,41527.61
844,86,62,248,4382,5.85,41527.61
845,86,62,248,4382,5.85,41527.61
846,86,62,248,4382,5.85,41527.61
847,86,62,248,4382,5.85,41527.61
848,86,62,248,4382,5.85,41527.61
849,86,62,248,4382,5.85,41527.61
850,87,62,408,7897,6.87,15916.26
851,87,62,408,7897,6.87,15916.26
852,87,62,408,7897,6.87,15916.26
853,87,62,408,7897,6.87,15916.26
854,87,62,408,7897,6.87,15916.26
855,87,62,408,7897,6.87,15916.26
856,87,62,408,7897,6.87,15916.26
857,88,62,1139,3982,6.0,46270.1
858,88,62,1139,3982,6.0,46270.1
859,88,62,1139,3982,6.0,46270.1
860,88,62,1139,3982,6.0,46270.1
861,88,62,1139,3982,6.0,46270.1
862,88,62,1139,3982,6.0,46270.1
863,88,62,1139,3982,6.0,46270.1
864,89,63,881,4116,6.9,36110.97
865,89,63,881,4116,6.9,36110.97
866,89,63,881,4116,6.9,36110.97
867,89,63,881,4116,6.9,36110.97
868,90,63,937,2375,5.76,25453.13
869,90,63,937,2375,5.76,25453.13
870,90,63,937,2375,5.76,25453.13
871,90,63,937,2375,5.76,25453.13
872,91,66,937,11466,6.46,43727.85
873,91,66,937,11466,6.46,43727.85
874,91,66,937,11466,6.46,43727.85
875,91,66,937,11466,6.46,43727.85
876,91,66,937,11466,6.46,43727.85
877,91,66,937,11466,6.46,43727.85
878,91,66,937,11466,6.46,43727.85
879,91,66,937,11466,6.46,43727.85
880,91,66,937,11466,6.46,43727.85
881,91,66,937,11466,6.46,43727.85
882,91,66,937,11466,6.46,43727.85
883,91,66,937,11466,6.46,43727.85
884,91,66,937,11466,6.46,43727.85
885,92,66,227,4783,6.15,19769.58
886,92,66,227,4783,6.15,19769.58
887,92,66,227,4783,6.15,19769.58
888,92,66,227,4783,6.15,19769.58
889,92,66,227,4783,6.15,19769.58
890,92,66,227,4783,6.15,19769.58
891,92,66,227,4783,6.15,19769.58
892,92,66,227,4783,6.15,19769.58
893,92,66,227,4783,6.15,19769.58
894,92,66,227,4783,6.15,19769.58
895,92,66,227,4783,6.15,19769.58
896,92,66,227,4783,6.15,19769.58
897,92,66,227,4783,6.15,19769.58
898,94,67,1375,6441,5.32,35885.02
899,94,67,1375,6441,5.32,35885.02
900,94,67,1375,6441,5.32,35885.02
901,94,67,1375,6441,5.32,35885.02
902,94,67,1375,6441,5.32,35885.02
903,94,67,1375,6441,5.32,35885.02
904,94,67,1375,6441,5.32,35885.02
905,96,67,1248,4641,2.46,10490.65
906,96,67,1248,4641,2.46,10490.65
907,96,67,1248,4641,2.46,10490.65
908,96,67,1248,4641,2.46,10490.65
909,96,67,1248,4641,2.46,10490.65
910,96,67,1248,4641,2.46,10490.65
911,96,67,1248,4641,2.46,10490.65
912,97,68,1303,2288,7.2,38654.49
913,97,68,1303,2288,7.2,38654.49
914,97,68,1303,2288,7.2,38654.49
915,97,68,1303,2288,7.2,38654.49
916,97,68,1303,2288,7.2,38654.49
917,97,68,1303,2288,7.2,38654.49
918,97,68,1303,2288,7.2,38654.49
919,97,68,1303,2288,7.2,38654.49
920,99,71,1372,6545,4.42,48052.8
921,99,71,1372,6545,4.42,48052.8
922,100,71,1095,9530,6.76,14654.12
923,100,71,1095,9530,6.76,14654.12
924,101,71,712,9410,5.5,8884.16
925,101,71,712,9410,5.5,8884.16
926,104,71,538,2742,1.54,42162.58
927,104,71,538,2742,1.54,42162.58
928,106,72,265,9058,7.49,20834.23
929,106,72,265,9058,7.49,20834.23
930,106,72,265,9058,7.49,20834.23
931,106,72,265,9058,7.49,20834.23
932,106,72,265,9058,7.49,20834.23
933,106,72,265,9058,7.49,20834.23
934,106,72,265,9058,7.49,20834.23
935,106,72,265,9058,7.49,20834.23
936,106,72,265,9058,7.49,20834.23
937,106,72,265,9058,7.49,20834.23
938,108,75,1442,4525,2.2,7941.64
939,108,75,1442,4525,2.2,7941.64
940,108,75,1442,4525,2.2,7941.64
941,108,75,1442,4525,2.2,7941.64
942,108,75,1442,4525,2.2,7941.64
943,108,75,1442,4525,2.2,7941.64
944,108,75,1442,4525,2.2,7941.64
945,108,75,1442,4525,2.2,7941.64
946,108,75,1442,4525,2.2,7941.64
947,108,75,1442,4525,2.2,7941.64
948,109,75,462,3190,5.35,47272.64
949,109,75,462,3190,5.35,47272.64
950,109,75,462,3190,5.35,47272.64
951,109,75,462,3190,5.35,47272.64
952,109,75,462,3190,5.35,47272.64
953,109,75,462,3190,5.35,47272.64
954,109,75,462,3190,5.35,47272.64
955,109,75,462,3190,5.35,47272.64
956,109,75,462,3190,5.35,47272.64
957,109,75,462,3190,5.35,47272.64
958,110,78,18,6399,4.43,36095.18
959,110,78,18,6399,4.43,36095.18
960,110,78,18,6399,4.43,36095.18
961,110,78,18,6399,4.43,36095.18
962,111,78,408,3528,5.89,13231.5
963,111,78,408,3528,5.89,13231.5
964,111,78,408,3528,5.89,13231.5
965,111,78,408,3528,5.89,13231.5
966,112,78,251,4246,6.08,34771.89
967,112,78,251,4246,6.08,34771.89
968,112,78,251,4246,6.08,34771.89
969,112,78,251,4246,6.08,34771.89
970,113,79,873,4600,4.49,14765.02
971,113,79,873,4600,4.49,14765.02
972,113,79,873,4600,4.49,14765.02
973,113,79,873,4600,4.49,14765.02
974,113,79,873,4600,4.49,14765.02
975,113,79,873,4600,4.49,14765.02
976,113,79,873,4600,4.49,14765.02
977,114,79,657,3279,3.14,14372.77
978,114,79,657,3279,3.14,14372.77
979,114,79,657,3279,3.14,14372.77
980,114,79,657,3279,3.14,14372.77
981,114,79,657,3279,3.14,14372.77
982,114,79,657,3279,3.14,14372.77
983,114,79,657,3279,3.14,14372.77
984,115,79,88,6064,3.97,33774.39
985,115,79,88,6064,3.97,33774.39
986,115,79,88,6064,3.97,33774.39
987,115,79,88,6064,3.97,33774.39
988,115,79,88,6064,3.97,33774.39
989,115,79,88,6064,3.97,33774.39
990,115,79,88,6064,3.97,33774.39
991,116,81,768,9411,6.78,37566.46
992,116,81,768,9411,6.78,37566.46
993,116,81,768,9411,6.78,37566.46
994,116,81,768,9411,6.78,37566.46
995,117,82,1276,7364,6.79,39006.44
996,117,82,1276,7364,6.79,39006.44
997,118,83,1308,8302,4.26,41497.68
998,118,83,1308,8302,4.26,41497.68
999,118,83,1308,8302,4.26,41497.68
1000,118,83,1308,8302,4.26,41497.68
1001,119,83,1040,3354,4.59,39458.35
1002,119,83,1040,3354,4.59,39458.35
1003,119,83,1040,3354,4.59,39458.35
1004,119,83,1040,3354,4.59,39458.35
1005,120,83,1243,5766,4.38,34275.16
1006,120,83,1243,5766,4.38,34275.16
1007,120,83,1243,5766,4.38,34275.16
1008,120,83,1243,5766,4.38,34275.16
1009,121,84,1458,5332,3.54,40181.66
1010,121,84,1458,5332,3.54,40181.66
1011,121,84,1458,5332,3.54,40181.66
1012,122,84,1356,8117,4.66,11369.33
1013,122,84,1356,8117,4.66,11369.33
1014,122,84,1356,8117,4.66,11369.33
1015,123,84,187,3772,2.35,31200.58
1016,123,84,187,3772,2.35,31200.58
1017,123,84,187,3772,2.35,31200.58
1018,125,85,652,5608,3.28,48681.51
1019,125,85,652,5608,3.28,48681.51
1020,126,85,177,11195,1.55,44785.92
1021,126,85,177,11195,1.55,44785.92
1022,127,86,1146,5099,2.9,6815.56
1023,127,86,1146,5099,2.9,6815.56
1024,128,86,665,12396,4.58,15095.53
1025,128,86,665,12396,4.58,15095.53
1026,130,86,1291,10442,5.06,33481.52
1027,130,86,1291,10442,5.06,33481.52
